Model,Accuracy,Precision,Recall,F1 Score,ROC AUC
SVM,0.63,0.5178571428571429,0.7435897435897436,0.6105263157894737,0.6469104665825978
Logistic Regression,0.64,0.5283018867924528,0.717948717948718,0.6086956521739131,0.6385035729298024
Naive Bayes,0.6,0.48148148148148145,0.3333333333333333,0.3939393939393939,0.6233711643547709
Random Forest,0.63,0.5294117647058824,0.46153846153846156,0.4931506849315068,0.6103404791929382
KNN,0.6,0.4827586206896552,0.358974358974359,0.4117647058823529,0.5842791088692728
Decision Tree,0.57,0.4473684210526316,0.4358974358974359,0.44155844155844154,0.5458175704077344
